AC,42,7455000,7310451.98872498,"Dominan daerah pusat perniagaan pinggir jalan utama, jalan akses jalan aspal dengan lebar 8 meter. Blok dalam zona ini jl. kh. ahmad dahlan, jl. jend. sudirman dan pertokoan bundo kanduang.",0106000000010000000103000000010000000800000067E85F55F629594045A110288746E9BF3A6F0DC1052A5940F88B5DD1D644E9BFC76ACD22092A5940281FBB005D47E9BF01576F27052A594074331B355D47E9BF394E87B5F32959402469BE8C084AE9BF1AB24FD0EC295940D22DD079C144E9BFA2BC9F05F02959405C9AC7875043E9BF67E85F55F629594045A110288746E9BF,12,2,PASIR PANDAN AIR,,,
AB,50,3375000,3539404.31841299,"Dominan merupakan daerah pusat perniagaan dan perkantoran swasta, jalan akses berupa jalan aspal dengan lebar 6-8 meter. Blok dalam zona ini  jl. Sutan syahrir, jl. latsitarda, komp ruko indah,",0106000000010000000103000000010000000B000000A1BC9F05F02959405D9AC7875043E9BFEA097DCDFB29594029F7C220F23EE9BFE0DD3873FD29594081D1AC04313EE9BF1E507B0C002A594056ACD6BBE63CE9BF96359ED4042A5940BA383F52A53FE9BF80614724092A5940DE1666831641E9BFEB0AED1F112A5940ECF8F9914342E9BFE5CA3C960F2A5940AE777F85F943E9BF3A6F0DC1052A5940F88B5DD1D644E9BF66E85F55F62959400DA310288746E9BFA1BC9F05F02959405D9AC7875043E9BF,12,2,PASIR PANDAN AIR,,,
AU,54,2640000,3640000,"Dominan merupakan pertokoan/ruko pinggir jalan utama, jalan akses berupa jalan aspal dengan lebar 8 meter. Blok dalam zona ini jl. Prof . Dr. moh yamin SH./ pandan ujung dan batas kota.",0106000000010000000103000000010000001B000000D3D09EE6D82A59409E233F0AFF39E9BF9DB156ADC62A5940AA38F659963CE9BFE69744A0C22A5940A5DD1D8E7D3BE9BFAA48EF5EBA2A59403E920D0FAB3CE9BF642DDA53BA2A59408AB633B0C23BE9BF8D41704CB92A5940013C8D5D9F39E9BF3C2F5CDDB82A594083E47F6FAC38E9BF1D09D3D9B62A594014F20D8A4336E9BF68B25F2DB62A59408FB1DFB77235E9BFA0B3191CBA2A5940AE3050906834E9BFA2E5D52ABD2A5940B13F954B4233E9BF3939442BBD2A59406835063C6035E9BF3006DC73BE2A5940CA2622FA0736E9BFCD8E0DF5C12A594076B135F2A535E9BFFC37A0C6C22A5940E7C4B858AD36E9BFE40C5A9ACA2A59403C8B7922CB35E9BF66788B29C92A59400EBB5DE47D33E9BF50E7695ECD2A5940A19B45523234E9BFA4EBF747DF2A5940A88DB92BC331E9BF9F494BCFEA2A59407F3794F03F33E9BF497DEAD4EA2A5940713616F54C34E9BF7873CD3CEC2A59404CCDAE010E35E9BF96B409D1ED2A5940E6E9CE015437E9BF75A30E79E92A5940B9F0FCD14F38E9BF5ABD539EE82A5940D1F14A5A8138E9BFCAEFB441E92A59403BE1A5672139E9BFD3D09EE6D82A59409E233F0AFF39E9BF,12,2,PASIR PANDAN AIR,,,
AH,60,1722000,1725000,"Dominan merupakan pemukiman, kios/toko dan kantor pinggir jalan penghubung, jalan akses berupa jalan aspal dengan lebar 6 meter,Blok dalam zona ini diantaranya adalah jl. Cindua mato.",0106000000010000000103000000010000000F0000008E918473582A5940355D57BCA53EE9BF73436E51522A59407A24C7B25A3FE9BF0EEB83754E2A594052090F71C43FE9BFBA4FB9EF4D2A5940BA6C5BE9CB3EE9BF530102D34C2A5940852A81DAF13BE9BF60B05DC54B2A59400FECE754AE39E9BF78AC66B9492A59406796ED6DF236E9BFCD2B5E71472A5940DFF11B68FA32E9BF9D0CA61A452A59401D2C9E195530E9BFB04DDCB34B2A59402BE0B0CB182DE9BF856A10BE4E2A594031C973B3E32FE9BF03E99F23512A5940557CFCFDF931E9BF569F20E3532A594042F2553C1F35E9BF791DDE0B572A5940860F1277003BE9BF8E918473582A5940355D57BCA53EE9BF,12,2,PASIR PANDAN AIR,,,
AG,65,1032000,1050000,"Dominan merupakan pemukiman padat, jalan akses berupa jalan aspal dan cora dengan lebar 1,5- 2,5 meter. Blok dalam zona ini jl. gang rantau, jl. cindua mato dalam dan jl. KH. ahmad dahlan dalam.",010600000001000000010300000001000000120000008063C787292A5940ADA89B970C40E9BF3494E58C312A5940DF2A7B66203BE9BF3041E4A1372A5940410C11954D37E9BFEB7AECCC382A59409014AE400237E9BFCF4AD16E392A594025450EF47136E9BFE1260B033C2A5940A6E8841B1F35E9BF7EBA3F203F2A59401C5729834833E9BF9D0CA61A452A59401D2C9E195530E9BFCD2B5E71472A5940DFF11B68FA32E9BF78AC66B9492A59406796ED6DF236E9BF60B05DC54B2A59400FECE754AE39E9BF530102D34C2A5940852A81DAF13BE9BFBA4FB9EF4D2A5940BA6C5BE9CB3EE9BF0EEB83754E2A594052090F71C43FE9BFCC396A333E2A5940292F48720B41E9BF3770E5FE362A594053D212477540E9BFCDAAE691302A59401C1426278240E9BF8063C787292A5940ADA89B970C40E9BF,12,2,PASIR PANDAN AIR,,,
AN,67,802000,829836.134564815,"Dominan merupakan sawah dan kaplingan siap bangun, jalan akses berupa jalan coran dan tanah dengan lebar 1-2 meter.Blok dalam zona ini jl. Pandan baru, jl. manunggal dan sw banda payo.",010600000001000000010300000001000000120000007A34778D7F2A594004DA0D09A72DE9BF3DFEC25F8E2A5940705335A80234E9BF1F0D9125912A5940DFC2761B8B34E9BF278F2E4A902A594059C624FB4F35E9BF333166378A2A5940620BDE80B937E9BF65589098862A594010EFB7406E39E9BF81C3EC987E2A5940B4076B2FED35E9BF1B6F98BC822A5940019AFE15AB34E9BFE7929A1A802A5940C2322DB0BD32E9BF76C46A45702A594034C50215162DE9BFF2129F9C692A59409B3E2D88342DE9BF18822A57662A5940F7372FB3342DE9BFD072945A642A59403D5F7C358F2CE9BFD4517750612A59403CCE5D35352AE9BF33A879C2652A5940A6D340F94E28E9BF2928D1A8732A59405628D911432DE9BFB15A58EA782A5940ADCA2513612BE9BF7A34778D7F2A594004DA0D09A72DE9BF,12,2,PASIR PANDAN AIR,,,
AI,66,916000,912000,"Dominan pemukiman penduduk dan terencana, jalan akses berupa jalan coran dan aspal . Blok dalam zona ini  jl. Cindua mato dalam, jl. manunggal l/ll/lll dan lV dan jl. lingk pandan baru",0106000000010000000103000000010000001C000000D610EF86542A5940BFC9CFDA9428E9BFC4F1268A592A5940FA4C2A9EB126E9BFB87CAC445F2A5940C8524031FC2AE9BFD4517750612A59403CCE5D35352AE9BFD072945A642A59403D5F7C358F2CE9BF18822A57662A59405F372FB3342DE9BFF2129F9C692A5940033E2D88342DE9BF76C46A45702A594034C50215162DE9BFE7929A1A802A5940C2322DB0BD32E9BF1B6F98BC822A5940019AFE15AB34E9BF81C3EC987E2A5940B4076B2FED35E9BF65589098862A594010EFB7406E39E9BF86DD6F7B882A594008BAADAF193BE9BFB5A6141C802A594051CA9433BD3BE9BFF65B24FC6E2A5940407F57F4BC3DE9BFC9AC6BEE6C2A59407C38627B143CE9BFE3D42DA2682A594070C2F677943CE9BF60208ECD692A59401BA97731FB3DE9BF4657064B632A59409C0CFC90573EE9BF2A427C3F612A594085346B96B43DE9BF8E918473582A5940355D57BCA53EE9BF7A1DDE0B572A5940860F1277003BE9BF579F20E3532A5940AAF1553C1F35E9BF03E99F23512A5940BE7BFCFDF931E9BFB04DDCB34B2A594093DFB0CB182DE9BF6A26F36A4F2A59400750CED0402BE9BFDA51CE04532A59404461ABD48F29E9BFD610EF86542A5940BFC9CFDA9428E9BF,12,2,PASIR PANDAN AIR,,,
AM,65,1032000,1070000,"Dominan merupakan pemukiman penduduk terencana jalan akses berupa jalan coran dan aspal .Blok dalam zona ini jl. Lingk pandan baru, jl. Manunggal, gang sirsak, banda payo dan prm singgalang.",0106000000010000000103000000010000000800000024BFE7DE5D2A59405AA53DB0D424E9BFCA0F0938642A59408DB089A2A121E9BFD6DA73CA732A5940FE06CC8F4223E9BFB2738DAC722A5940D2E920EA2829E9BFB05A58EA782A594045CB2513612BE9BF2928D1A8732A59405628D911432DE9BF32A879C2652A5940A6D340F94E28E9BF24BFE7DE5D2A59405AA53DB0D424E9BF,12,2,PASIR PANDAN AIR,,,
AY,66,916000,970462.677824074,"Dominan merupakan sawah, jalan akses berupa jalan coran dan jalan tanah dengan lebar 1-1,5 meter. Blok dalam zona ini jl. lingkungan RT. 01 RW.01, pandan ujung dan sawah.",0106000000010000000103000000010000000D000000E0F37A30B52A59409622F7FA774AE9BFE948EE22B72A5940D903EC123C47E9BF1558C054BA2A5940A3847ABA2B40E9BFAA48EF5EBA2A59403E920D0FAB3CE9BFE69744A0C22A5940A5DD1D8E7D3BE9BF9DB156ADC62A5940AA38F659963CE9BFD3D09EE6D82A59409E233F0AFF39E9BF427030A7D72A5940EE71C2319C3DE9BF255337EADC2A5940DA4FE2F21843E9BFD282BBEED42A5940F89950B59144E9BF771873B0D62A594015C8EB76DC49E9BF6D8AD8A3C22A5940296C2A7E9652E9BFE0F37A30B52A59409622F7FA774AE9BF,12,2,PASIR PANDAN AIR,,,
BN,54,2640000,2633593.15023351,"Dominan merupakan pemukiman, ruko dan sawah pinggir jalan , jalan akses berupa jalan aspal  dengan lebar 8 meter. Blok dalam zona ini  jl. Nasir sutan pamuncak, jl. Prof. Dr. moh yamin SH",010600000001000000010300000001000000090000005DA738B8D72A5940F831D6F4AD3DE9BFD3D09EE6D82A59409E233F0AFF39E9BFCAEFB441E92A5940D4E1A5672139E9BF5ABD539EE82A5940D1F14A5A8138E9BF96B409D1ED2A5940E6E9CE015437E9BF47683379EF2A594023431AF38A39E9BF639BF3C9EA2A59406A87F2B9C43AE9BFF44111F2E22A5940F874FB1E293CE9BF5DA738B8D72A5940F831D6F4AD3DE9BF,12,2,PASIR PANDAN AIR,,,
BL,43,6805000,7091280,"Dominan merupakan pusat perniagaan, pinggir jalan penghubung ke jalan utama. Jalan akses berupa jalan aspal  dengan lebar 8 meter.Blok dalam zona ini jl. Pemuda.",0106000000010000000103000000010000000B00000039FC1853112A59407CB08F4AC351E9BF5BD174E20F2A59409298EDB67B4EE9BFF3202A820D2A5940996E828B6C4AE9BFDB5D0146102A5940DBD8739A5E4AE9BF6FD578D2122A594059DCABBB1B4AE9BFC69C7FB1132A59404DE25C40214CE9BF0699E589142A59401059C20FD54DE9BF0E9659DD152A59403A4D522B3450E9BFA8BBBD6E172A5940C91D8FBFAA51E9BFCE5FB606142A59408E0481A24253E9BF39FC1853112A59407CB08F4AC351E9BF,12,2,PASIR PANDAN AIR,,,
BH,46,5095000,5123440,"Dominan merupakan pemukiman dan pertokoan pinggir jalan penghubung, jalan akses berupa jalan aspal  dengan lebar 4,5-6 meter.Blok dalam zona ini  jl. Dt. perpatih nan sabatang dan jl. lettu jamhur.",01060000000100000001030000000100000014000000834E85B7142A5940A6A10D4CAF53E9BFCE5FB606142A59408E0481A24253E9BFA8BBBD6E172A5940C91D8FBFAA51E9BF8E11F5A91C2A59408F75DB529154E9BF5316401E1F2A5940553AA4188C55E9BFE8631DC71E2A5940DE4E36900956E9BF9F88E502252A5940FCE2294D1959E9BFDADC1397272A5940BE3EA3008E57E9BFB66D64502C2A5940E3CB5630EE59E9BF6294E0C12A2A59409E6C5641475BE9BFD704418B302A59404C31DC0B075EE9BF9AEC29EF292A59402024BFB1E360E9BFAE367F1A252A5940CE2238662D62E9BF31432621242A59402CAA6BFBAA61E9BFFEBE1B22222A5940230A8981DA61E9BF3E916033212A5940763A59D28960E9BF61E51BFD1F2A59404B65D555FB5EE9BF4B3076F01B2A59403CC8DD78FE5FE9BF206711F7172A59406EC9A9E14559E9BF834E85B7142A5940A6A10D4CAF53E9BF,12,2,PASIR PANDAN AIR,,,
BK,52,2925000,2961126.71333333,"Dominan merupakan pemukiman penduduk pinggir jalan penghubung, jalan akses berupa jalan aspal  dengan lebar 4,5 meter.Blok dalam zona ini jl. Lettu jamhur.",0106000000010000000103000000010000000A0000003E916033212A5940763A59D28960E9BFFEBE1B22222A5940BB0A8981DA61E9BF06880102242A59404C980B4F7F64E9BF570A703F272A59405BCF5AF56067E9BF3E2127FE1E2A594074A247665A6AE9BFACEE7FC91A2A5940FFB728F8A567E9BF2EB6FCEF1E2A5940D858EA4E6166E9BF4B3076F01B2A59403CC8DD78FE5FE9BF61E51BFD1F2A59404B65D555FB5EE9BF3E916033212A5940763A59D28960E9BF,12,2,PASIR PANDAN AIR,,,
BI,59,1862000,1904152.4,"Dominan merupakan pemukiman dan pertokoan pinggir jalan penghubung, jalan akses berupa jalan aspal  dengan lebar 6 meter. Blok dalam zona ini jl. Dt. perpatih nan sabatang.",010600000001000000010300000001000000080000006FF56C7A392A59407F2BA7AA8C62E9BFDF07BC873A2A59408E77B2AD2A63E9BFD02F87643D2A59408F00851C4163E9BFCCA1CB49442A59406F2D198F4F66E9BF6FA5BEB6412A5940AEC6E3DD3169E9BFA4069BAD382A5940E33C839D6968E9BFB40812C3312A59403A5788326B65E9BF6FF56C7A392A59407F2BA7AA8C62E9BF,12,2,PASIR PANDAN AIR,,,
BF,61,1573000,1596634.83333333,"Dominan merupakan pemukiman penduduk, jalan akses berupa jalan coran  dengan lebar 2,5 meter.. Blok dalam zona ini jl. Lingkungan RW.IV-RT.02 atau belakang jl. Dt. Perpatih nan sabatang.",0106000000010000000103000000010000000A00000006880102242A5940B4970B4F7F64E9BFFEBE1B22222A5940230A8981DA61E9BFCB2663F6222A59404D2CE9C3C661E9BF31432621242A59402CAA6BFBAA61E9BFAE367F1A252A5940CE2238662D62E9BF9AEC29EF292A59402024BFB1E360E9BFC47EE5712D2A5940B703EFD32363E9BFB40812C3312A59403A5788326B65E9BF570A703F272A59405BCF5AF56067E9BF06880102242A5940B4970B4F7F64E9BF,12,2,PASIR PANDAN AIR,,,
BC,66,916000,879997.166666667,"Dominan merupakan sawah, jalan akses berupa jalan tanah dengan lebar 1 meter. Blok dalam zona ini jl. Prof. Dr. moh yamin SH dalam dan sawah lingk jl. Makmur.",01060000000100000001030000000100000009000000A0D89D204C2A59403EA9B8DB1646E9BF1FC180B8532A5940C5DB09060F45E9BF29C5358C542A5940411F98CE5244E9BF53EE390B5C2A5940098077F98F43E9BF3E7915435D2A594092EA34880E45E9BFFCD80110602A5940378E5955734AE9BF5A2C04ED572A59409A7FC7BE9749E9BF9BD9B8F14F2A59402CA640670B4CE9BFA0D89D204C2A59403EA9B8DB1646E9BF,12,2,PASIR PANDAN AIR,,,
BO,61,1573000,1624000,"Dominan merupakan pemukiman padat penduduk, jalan akses berupa jalan coran dan aspal. Blok dalam zona ini jl. Lingkungan RW.IV-RT.01, jl. berok, jl. swadaya dan jl. makmur.",01060000000100000001030000000100000019000000C60749C1322A59408095046B4748E9BF8BB090CE362A594011532A64EE47E9BF8927D95C3D2A59409A4253025647E9BF5685BE633F2A5940BD6FA206A649E9BFE875703C3F2A5940ED58559F784CE9BF62F7C9723D2A59405A5463072D51E9BF2BB36D1E3D2A5940625DD0928556E9BF74A0EB843C2A594075328F671358E9BFBCA385353C2A59404AC8D609D759E9BFF0ACF9F93B2A59406CD8D9452C5BE9BF4E8126E33A2A59402F419ECDC75CE9BF8AC83837362A594008EFA005F05EE9BF4F50853B322A5940C00D1A24EF5FE9BFD704418B302A59404C31DC0B075EE9BF6294E0C12A2A59409E6C5641475BE9BFB66D64502C2A5940E3CB5630EE59E9BFDADC1397272A5940253EA3008E57E9BF15D55A26292A5940E85A80600D55E9BF3CBC79B5292A5940B0D04B59DF52E9BF454F2D772A2A59403E3A23C85050E9BFC7FD8D632B2A59400FD0EFA9544EE9BF49E01CA72C2A5940B7ACF787134CE9BF872CF4862D2A5940C5E12054B949E9BFF3759A552D2A594025DF7BABCB48E9BFC60749C1322A59408095046B4748E9BF,12,2,PASIR PANDAN AIR,,,
BE,56,2352000,2360000,"Dominan merupakan pemukiman penduduk, jalan akses berupa jalan coran dan aspal  dengan lebar 1,5-2,5 meter.Blok dalam zona ini jl. Makmur, jl. berok dan jl. pemuda belakang.",01060000000100000001030000000100000015000000C69C7FB1132A59404DE25C40214CE9BF8D24D4CB152A594050AD3CFBF34BE9BF162A30A31B2A59401284EAB8734BE9BFDE8A3993222A594070379C0F004BE9BF0717648A272A5940CBDEF42A1F4BE9BF2B3517EC2B2A5940B46209AAA24BE9BF49E01CA72C2A5940B7ACF787134CE9BFC7FD8D632B2A59400FD0EFA9544EE9BF454F2D772A2A59403E3A23C85050E9BF3CBC79B5292A5940B0D04B59DF52E9BF15D55A26292A5940E85A80600D55E9BFDADC1397272A5940253EA3008E57E9BF9F88E502252A5940FCE2294D1959E9BFE8631DC71E2A5940DE4E36900956E9BF5316401E1F2A5940553AA4188C55E9BF8E11F5A91C2A5940F774DB529154E9BFA8BBBD6E172A5940C91D8FBFAA51E9BF0E9659DD152A5940A34C522B3450E9BF78F9C090142A59403DE13A53E14DE9BF0699E589142A59407958C20FD54DE9BFC69C7FB1132A59404DE25C40214CE9BF,12,2,PASIR PANDAN AIR,,,
BG,66,916000,960500,"Dominan merupakan sawah dan pemukiman, jalan akses berupa jalan coran dan jalan tanah dengan lebar 1-2,5 meter. Blok dalam zona ini jl. Makmur dalam dan jl. gang swadaya.",010600000001000000010300000001000000140000002BB36D1E3D2A5940625DD0928556E9BFB40B2D62412A59406BD8CC21D356E9BF25C36293412A5940EBA8F83EB053E9BF6DBC1F85432A594057D777460350E9BFEBAA842C452A594063A380C0714EE9BF33957C354B2A5940E61AB9E9C64CE9BF9BD9B8F14F2A59402CA640670B4CE9BF66F7EE9E4D2A594089DA0ACDB45CE9BFCCA1CB49442A59406F2D198F4F66E9BFD02F87643D2A5940F7FF841C4163E9BFDF07BC873A2A59408E77B2AD2A63E9BF6FF56C7A392A59407F2BA7AA8C62E9BF4F50853B322A5940C00D1A24EF5FE9BF6FEA9E91352A5940FDD52674195FE9BF8AC83837362A594008EFA005F05EE9BF4E8126E33A2A59402F419ECDC75CE9BFF0ACF9F93B2A59406CD8D9452C5BE9BFBCA385353C2A59404AC8D609D759E9BF74A0EB843C2A594075328F671358E9BF2BB36D1E3D2A5940625DD0928556E9BF,12,2,PASIR PANDAN AIR,,,
BA,65,1032000,984500,"Dominan merupakan pemukiman penduduk, jalan akses berupa jalan coran dan aspal  dengan lebar 2-3 meter, Blok dalam zona ini jl. SD 09 pandan unjung dan jl. Prof. Dr. moh yamin SH.",0106000000010000000103000000010000000C000000E09D1EBC642A5940A99B049B4144E9BFD20B47A8712A5940C182583BDF42E9BFADCADB43732A5940AF5B9789C442E9BFA55B122F762A5940795DDFEAF641E9BFAB72DF88802A5940266D00B93D41E9BF510DD6737F2A5940C29CD6BA6D47E9BF123298BC7C2A5940BA135ABA5D54E9BF1A542D75702A594055B6DF7D0D55E9BFE4AA916E6A2A5940C4BA8E811853E9BF9CCC333B6A2A594060FF23B0A54BE9BFE2C438DB662A59409EC2F5C2404BE9BFE09D1EBC642A5940A99B049B4144E9BF,12,2,PASIR PANDAN AIR,,,
AJ,45,5625000,5869326.38925175,"Dominan merupakan pemukiman, pertokoan dan perkantoran swasta pinggir jalan utama, jalan akses berupa jalan aspal dengan lebar 8 meter. Blok dalam zona ini  jl. Prof. Dr. moh yamin SH.",010600000001000000010300000001000000130000003E7915435D2A594092EA34880E45E9BF53EE390B5C2A5940098077F98F43E9BF29C5358C542A5940411F98CE5244E9BF1FC180B8532A5940C5DB09060F45E9BF74436E51522A59407A24C7B25A3FE9BF2A427C3F612A594085346B96B43DE9BF4657064B632A59409C0CFC90573EE9BF60208ECD692A59401BA97731FB3DE9BFE3D42DA2682A594070C2F677943CE9BFC9AC6BEE6C2A59407C38627B143CE9BFF65B24FC6E2A5940407F57F4BC3DE9BF8D1502ED702A594060C2F8257C3FE9BFADCADB43732A5940AF5B9789C442E9BFD20B47A8712A5940C182583BDF42E9BFE09D1EBC642A5940A99B049B4144E9BF3ED51EEA662A59405A6EC981FA4AE9BFE2C438DB662A59409EC2F5C2404BE9BFFCD80110602A5940378E5955734AE9BF3E7915435D2A594092EA34880E45E9BF,12,2,PASIR PANDAN AIR,,,
BB,66,916000,946736.291666667,"Dominan merupakan sawah pinggir jalan by pass, jalan akses berupa jalan aspal dan tanah dengan lebar 1-8 meter. Blok dalam zona ini jl. Nasir st pamuncak ( jl. By pass)",0106000000010000000103000000010000000D0000004BCD1F669D2A594001E3836DCF3FE9BF236A94E2A42A5940C888431FF13EE9BFD8C149FAA62A5940423F4C2FD63EE9BF5FE16AB8A92A5940AD06668CD941E9BF3DBC9EF6AE2A59409EEB3A22C740E9BF017A1FFFAF2A5940E9E7490E9140E9BF92B36DEFB02A59407C30D6A5A145E9BFCFF4C566AC2A59403DEAF9A48444E9BFD4E02B79A02A59405F6CF03C4346E9BFB5CD2FBA9C2A5940B6B6F5041A45E9BF3E7CF956962A59408FB7C336513FE9BF996F40709A2A594093844CCAF23EE9BF4BCD1F669D2A594001E3836DCF3FE9BF,12,2,PASIR PANDAN AIR,,,
AT,55,2508000,2459293.36381832,"Dominan merupakan tanah kosong siap bangun pinggir jalan penghubung, jalan akses berupa jalan aspal dengan lebar 6 meter. Blok dalam zona ini diantaranya adalah jl. patimura.",0106000000010000000103000000010000000B000000D42AAF20B32A594063CD600A2933E9BF11F28CE3B42A5940FB808E936631E9BF2681089AB62A5940FD877DA97F30E9BFE73EC862B92A5940B4436B270731E9BFA2E5D52ABD2A5940B13F954B4233E9BFA0B3191CBA2A5940AE3050906834E9BF68B25F2DB62A59408FB1DFB77235E9BFB27450DBAE2A59401E4CA6AEA236E9BF4C9E3EF2AD2A594077F434B04535E9BFDAA3974BB02A59401E1EC067AF33E9BFD42AAF20B32A594063CD600A2933E9BF,12,2,PASIR PANDAN AIR,,,
AQ,47,4605000,4729566.66864483,"Dominan merupakan pemukiman dan tanah milik rumah sakit ibnu sina, jalan akses berupa jalan coran dan tanah dengan lebar 1- 2,5 m. Blok dalam zona ini jl. Manunggal, lingk RK. dan lingk pandan baru.",0106000000010000000103000000010000000F0000001F0D9125912A5940DFC2761B8B34E9BF041E788AA02A5940822C34C4AE35E9BFE1720723A32A5940D34B85E91737E9BF08BEF092A52A5940CE55642B9A38E9BFFDFEBCD0A12A5940BC6A560DEB38E9BF059A83F7992A5940866F66DB8939E9BFEF86D657982A594040A3D6FCAE39E9BF8903D71B952A59408694A25FF739E9BF77D10ADC8C2A59409D6983CDBE3AE9BF86DD6F7B882A594008BAADAF193BE9BF65589098862A594010EFB7406E39E9BF333166378A2A5940620BDE80B937E9BFA7F5485B8D2A5940FAFE1F387A36E9BF278F2E4A902A594059C624FB4F35E9BF1F0D9125912A5940DFC2761B8B34E9BF,12,2,PASIR PANDAN AIR,,,
AX,65,1032000,1070000,"Dominan merupakan pemukiman penduduk dan kaplingan siap bangun, jalan akses berupa jalan coran dan aspal. Blok dalam zona ini jl. Blk kejari dan perum lingk RK. 1 RT.4.",0106000000010000000103000000010000000A0000009F494BCFEA2A5940AF3894F03F33E9BFA4EBF747DF2A5940A88DB92BC331E9BF07717B89D62A5940792ABBAEF732E9BFC9262F3ED62A5940DB9A0CDF2032E9BF6E25C41FD62A5940D2BCA416A12FE9BF57696C8DD32A594062B7EE5EC72CE9BFF2E43CE3E22A59404DADB1BD372BE9BF6FAA15F7E62A5940CB2E717BCD2AE9BF99FB5E77EB2A5940CBB59C77FE2EE9BF9F494BCFEA2A5940AF3894F03F33E9BF,12,2,PASIR PANDAN AIR,,,
AW,68,702000,736795.588888889,"Dominan merupakan sawah dan kaplingan siap bangun, jalan akses berupa jalan coran dan tanah .Blok dalam zona ini jl. Blk kejari dan sawah lingk RK. 1 RT.4.",0106000000010000000103000000010000000B000000FDD0A332BF2A594026401573B42CE9BF57696C8DD32A594063B7EE5EC72CE9BF6F25C41FD62A594039BCA416A12FE9BF07717B89D62A5940E229BBAEF732E9BF50E7695ECD2A59400B9B45523234E9BF66788B29C92A59400EBB5DE47D33E9BF2E2B1CF8BF2A594064276FB59730E9BF37822796BE2A594074D34745B32FE9BF8ECB2381BC2A5940DBCBF850B52EE9BFC9776C41BB2A5940334CDFFC1C2EE9BFFDD0A332BF2A594026401573B42CE9BF,12,2,PASIR PANDAN AIR,,,
AD,41,8145000,8440060,"Dominan merupakan daerah pusat perniagaan jalan utama, jalan akses berupa jalan aspal dengan lebar 8 meter. Blok dalam zona ini jl. Kh. ahmad dahlan, jl. Pemuda dan jl. Dr. moh. hatta.",010600000001000000010300000001000000110000003A6F0DC1052A5940F88B5DD1D644E9BFE5CA3C960F2A594017777F85F943E9BFEB0AED1F112A594054F8F9914342E9BF22B7B286172A59401CA3568C5B42E9BF056B7EC41A2A594023EA802C5C42E9BFF9F9BD10202A594037F6049B8141E9BF2EDD9AEA222A5940CCBD63075548E9BF1AD84B3E1E2A594099AEF889A048E9BF4862F7901B2A59405F3BCB941149E9BF91941C781B2A5940FF6BA1666949E9BFA7475FD7122A59407AEA2E5D264AE9BFDB5D0146102A5940DBD8739A5E4AE9BFF3202A820D2A5940996E828B6C4AE9BFF0A8C6D60C2A5940943567E2E448E9BF5D01D6120B2A594097EA3DE75C47E9BFC76ACD22092A5940281FBB005D47E9BF3A6F0DC1052A5940F88B5DD1D644E9BF,12,2,PASIR PANDAN AIR,,,
AE,44,6195000,6375098.94358483,"Dominan merupakan pertokoan pinggir jalan utama, jalan akses berupa jalan aspal dengan lebar 8 meter. Blok dalam zona ini diantaranya adalah jl. Kh ahmad dahlan dan jl. Dr. moh hatta.",0106000000010000000103000000010000000A000000F9F9BD10202A594037F6049B8141E9BFCC875AB1242A594045B676B83440E9BF8163C787292A594015A89B970C40E9BFFD6B23102C2A5940A32C885C0B45E9BF9D5C21482D2A5940B930C6463347E9BFF3759A552D2A594025DF7BABCB48E9BF46296AD6252A5940AE70FA3CB948E9BFEC9D98BE232A59408600D657FE48E9BF2EDD9AEA222A5940CCBD63075548E9BFF9F9BD10202A594037F6049B8141E9BF,12,2,PASIR PANDAN AIR,,,
AF,43,6805000,6796371.3321352,"Dominan merupakan pertokoan dan perkantoran pinggir jalan utama, jalan akses berupa jalan aspal dengan lebar 8 meter. Blok dalam zona ini  jl. Kh ahmad dahlan dan jl. Dr. moh hatta.",010600000001000000010300000001000000150000008163C787292A594015A89B970C40E9BFCEAAE691302A5940851326278240E9BF3770E5FE362A594053D212477540E9BFCC396A333E2A5940292F48720B41E9BF0EEB83754E2A594052090F71C43FE9BF5617303B522A59401D8943145D3FE9BF27D7E3E2522A5940C61117AAFA41E9BFE9C155E3522A5940734CED70FC41E9BF1FC180B8532A5940C5DB09060F45E9BFA0D89D204C2A59403EA9B8DB1646E9BF580AC101402A5940701BD6322547E9BF46EA32643D2A5940CBD241655E47E9BF8927D95C3D2A59409A4253025647E9BF8FF08E3B372A59402A61BD7EE447E9BF8BB090CE362A594011532A64EE47E9BFC60749C1322A59408095046B4748E9BFED6930DF2E2A594041E7D528A648E9BF21369A6F2D2A5940BBD42931C948E9BFF3759A552D2A594025DF7BABCB48E9BF9D5C21482D2A5940B930C6463347E9BF8163C787292A594015A89B970C40E9BF,12,2,PASIR PANDAN AIR,,,
AL,66,916000,926008.003518519,"Dominan merupakan pemukiman penduduk, jalan akses berupa jalan aspal dengan lebar 3 meter. Blok dalam zona ini diantaranya adalah jl. Lingk pandan baru.",01060000000100000001030000000100000007000000B87CAC445F2A5940C8524031FC2AE9BFC4F1268A592A5940FA4C2A9EB126E9BF24BFE7DE5D2A59405AA53DB0D424E9BF6D6F4921632A59409AD9834D2827E9BF33A879C2652A5940A6D340F94E28E9BFD4517750612A59403CCE5D35352AE9BFB87CAC445F2A5940C8524031FC2AE9BF,12,2,PASIR PANDAN AIR,,,
BD,64,1147000,1202095,"Dominan merupakan pemukiman penduduk, jalan akses berupa jalan coran  dengan lebar 2,5 meter.  Blok dalam zona ini jl. Makmur dalam dan gang swadaya.",0106000000010000000103000000010000000E000000B40B2D62412A59406BD8CC21D356E9BF2BB36D1E3D2A5940625DD0928556E9BF62F7C9723D2A59405A5463072D51E9BFE875703C3F2A5940ED58559F784CE9BF5685BE633F2A5940BD6FA206A649E9BF46EA32643D2A5940CBD241655E47E9BF580AC101402A5940701BD6322547E9BFA0D89D204C2A59403EA9B8DB1646E9BF9BD9B8F14F2A59402CA640670B4CE9BF33957C354B2A5940E61AB9E9C64CE9BFEBAA842C452A594063A380C0714EE9BF6DBC1F85432A594057D777460350E9BF25C36293412A5940EBA8F83EB053E9BFB40B2D62412A59406BD8CC21D356E9BF,12,2,PASIR PANDAN AIR,,,
BJ,51,3100000,3015332,"Dominan merupakan pemukiman dan pertokoan pinggir jalan penghubung, jalan akses berupa jalan aspal  dengan lebar 6 meter. Blok dalam zona ini  jl. Dt. perpatih nan sabatang.",01060000000100000001030000000100000007000000B40812C3312A59403A5788326B65E9BFC47EE5712D2A5940B703EFD32363E9BF9AEC29EF292A59402024BFB1E360E9BFD704418B302A59404C31DC0B075EE9BF4F50853B322A5940C00D1A24EF5FE9BF6FF56C7A392A59407F2BA7AA8C62E9BFB40812C3312A59403A5788326B65E9BF,12,2,PASIR PANDAN AIR,,,
BM,51,3100000,3094426.38495595,"Dominan merupakan pemukiman penduduk, jalan akses berupa jalan coran dan aspal dengan lebar 2,5-3 meter. Blok dalam zona ini jl. Lingkungan RW.IV-RT.01, jl. berok dan jl. makmur.",01060000000100000001030000000100000010000000C69C7FB1132A59404DE25C40214CE9BFA7475FD7122A59407AEA2E5D264AE9BF91941C781B2A5940FF6BA1666949E9BF4862F7901B2A59405F3BCB941149E9BF1AD84B3E1E2A594001AEF889A048E9BF2EDD9AEA222A5940CCBD63075548E9BFEC9D98BE232A59408600D657FE48E9BF46296AD6252A5940AE70FA3CB948E9BF21369A6F2D2A5940BBD42931C948E9BF872CF4862D2A5940C5E12054B949E9BF49E01CA72C2A5940B7ACF787134CE9BF2B3517EC2B2A5940B46209AAA24BE9BF0717648A272A5940CBDEF42A1F4BE9BFDE8A3993222A594070379C0F004BE9BF162A30A31B2A59401284EAB8734BE9BFC69C7FB1132A59404DE25C40214CE9BF,12,2,PASIR PANDAN AIR,,,
AA,44,6195000,6471841.06347208,"Dominan merupakan pusat perniagaan dan terletak di pusat kota solok, jalan akses berupa jalan aspal dengan lebar 4-6-8 meter.Blok dalam zona ini  jl. sukarno, jl. dr. moh hatta, jl. pemuda dan pasar raya.",0106000000010000000103000000010000000D000000394E87B5F32959402469BE8C084AE9BF01576F27052A594074331B355D47E9BF5D01D6120B2A594097EA3DE75C47E9BFF0A8C6D60C2A5940943567E2E448E9BFF3202A820D2A5940996E828B6C4AE9BF5BD174E20F2A59409298EDB67B4EE9BF39FC1853112A59407CB08F4AC351E9BF0F979EC00B2A594049E3D51C7052E9BF3283740E052A59408EF75C4A2A53E9BFBD383C85F9295940B708B552BC54E9BF4617A9DEF52959403AF8676A2D55E9BF8E0E7B2FF0295940AA67CBC8D14AE9BF394E87B5F32959402469BE8C084AE9BF,12,2,PASIR PANDAN AIR,,,
AK,46,5095000,5281619.53287308,"Dominan merupakan pemukiman, pertokoan dan perkantoran swasta pinggir jalan utama, jalan akses jalan aspal dengan lebar 8 meter,Blok dalam zona ini jl. Prof. Dr. moh yamin SH/ pandan ujung.",0106000000010000000103000000010000000B000000B5A6141C802A594051CA9433BD3BE9BF86DD6F7B882A594008BAADAF193BE9BF77D10ADC8C2A59409D6983CDBE3AE9BFDE6BF2DB8D2A5940CC6066ECC43CE9BF4A890E518E2A5940E31D217D3D40E9BFAB72DF88802A5940266D00B93D41E9BFA55B122F762A5940795DDFEAF641E9BFADCADB43732A5940AF5B9789C442E9BF8D1502ED702A594060C2F8257C3FE9BFF65B24FC6E2A5940407F57F4BC3DE9BFB5A6141C802A594051CA9433BD3BE9BF,12,2,PASIR PANDAN AIR,,,
AO,46,5095000,4890558.0719863,"Dominan merupakan pertokoan/ruko dan pemukiman pinggir jalan utama, jalan akses berupa jalan aspal dengan lebar 8 meter.Blok dalam zona ini jl. Prof . Dr. moh yamin SH.",0106000000010000000103000000010000000D0000008903D71B952A59408694A25FF739E9BF0182E858982A59409ACA11FBB039E9BF059A83F7992A5940866F66DB8939E9BFFDFEBCD0A12A5940BC6A560DEB38E9BF09310E1AA32A59408C0083094B3BE9BF236A94E2A42A5940C888431FF13EE9BF4BCD1F669D2A594001E3836DCF3FE9BF996F40709A2A594093844CCAF23EE9BF76B0DDB8992A59403004EA61F63BE9BF6C7DF9C9952A5940279A03CD323CE9BFDE6BF2DB8D2A5940CC6066ECC43CE9BF77D10ADC8C2A59409D6983CDBE3AE9BF8903D71B952A59408694A25FF739E9BF,12,2,PASIR PANDAN AIR,,,
BP,47,4605000,4635822.88604654,"Dominan merupakan pertokoan dan perkantoran pinggir jalan utama, jalan akses berupa jalan aspal dengan lebar 8 meterBlok dalam zona in jl. Prof. Dr. moh yamin SH.",010600000001000000010300000001000000070000006C7DF9C9952A5940279A03CD323CE9BF76B0DDB8992A59403004EA61F63BE9BF996F40709A2A594093844CCAF23EE9BF3E7CF956962A59408FB7C336513FE9BF4A890E518E2A5940E31D217D3D40E9BFDE6BF2DB8D2A5940CC6066ECC43CE9BF6C7DF9C9952A5940279A03CD323CE9BF,12,2,PASIR PANDAN AIR,,,
AV,52,2925000,2970944.58315994,"Dominan merupakan pemukiman dan gudang suka fajar, jalan akses berupa jalan coran dengan lebar 2,5 meter.Blok dalam zona ini jl. Patimura dalam dan sw RK.1 RT.4.",0106000000010000000103000000010000000D0000003939442BBD2A59406835063C6035E9BFA2E5D52ABD2A5940B13F954B4233E9BFE73EC862B92A5940B4436B270731E9BF2681089AB62A5940FD877DA97F30E9BFC9776C41BB2A5940334CDFFC1C2EE9BF37822796BE2A594074D34745B32FE9BF2E2B1CF8BF2A594064276FB59730E9BF66788B29C92A59400EBB5DE47D33E9BFE40C5A9ACA2A59403C8B7922CB35E9BFFC37A0C6C22A5940E7C4B858AD36E9BFCD8E0DF5C12A594076B135F2A535E9BF3006DC73BE2A5940CA2622FA0736E9BF3939442BBD2A59406835063C6035E9BF,12,2,PASIR PANDAN AIR,,,
AP,47,4605000,4660542.98779281,"Dominan merupakan pertokoan/ruko pinggir jalan utama, jalan akses berupa jalan aspal dengan lebar 8 meter. Blok dalam zona ini jl. Prof . Dr. moh yamin SH./ pandan ujung.",0106000000010000000103000000010000000F000000FDFEBCD0A12A5940BC6A560DEB38E9BF08BEF092A52A5940CE55642B9A38E9BF74F2B69BA32A59405AC23CAA5937E9BF8ADBF00FA82A5940838B590ED835E9BFCD772E5EAA2A5940A33A62180436E9BF4C9E3EF2AD2A594077F434B04535E9BFB27450DBAE2A59401E4CA6AEA236E9BF68B25F2DB62A59408FB1DFB77235E9BF1D09D3D9B62A594014F20D8A4336E9BF3C2F5CDDB82A594083E47F6FAC38E9BF8D41704CB92A5940013C8D5D9F39E9BF4462BB92B62A59409F5F8EC7EB39E9BF149EC6FDB02A594097207A79503AE9BF09310E1AA32A59408C0083094B3BE9BFFDFEBCD0A12A5940BC6A560DEB38E9BF,12,2,PASIR PANDAN AIR,,,
BN,54,2640000,2633593.15023351,"Dominan merupakan pemukiman, ruko dan sawah pinggir jalan , jalan akses berupa jalan aspal  dengan lebar 8 meter. Blok dalam zona ini  jl. Nasir sutan pamuncak, jl. Prof. Dr. moh yamin SH",01060000000100000001030000000100000010000000BB8867EFAE2A5940E2567FF39C3BE9BF0468B28CB22A59402D3A1D3D213CE9BF767144A2B52A5940432642F3FC3BE9BF587F80B8B72A5940BDC7DC354C3BE9BF8D41704CB92A5940013C8D5D9F39E9BF642DDA53BA2A59408AB633B0C23BE9BFAA48EF5EBA2A59403E920D0FAB3CE9BF1558C054BA2A5940A3847ABA2B40E9BFE948EE22B72A5940D903EC123C47E9BF92B36DEFB02A59407C30D6A5A145E9BF017A1FFFAF2A5940E9E7490E9140E9BF5FE16AB8A92A5940AD06668CD941E9BFD8C149FAA62A5940423F4C2FD63EE9BF7200622DB02A594061FE205CA23DE9BF813C5427AF2A5940B4696157EB3BE9BFBB8867EFAE2A5940E2567FF39C3BE9BF,12,2,PASIR PANDAN AIR,,,
AS,47,4605000,4635000,"Dominan merupakan pertokoan/ruko pinggir jalan utama, jalan akses berupa jalan aspal dengan lebar 8 meter.Blok dalam zona ini jl. Prof . Dr. moh yamin SH./ pandan ujung.",0106000000010000000103000000010000000E000000C31FDC23B82A5940191C12C6C039E9BF8D41704CB92A5940013C8D5D9F39E9BF587F80B8B72A5940BDC7DC354C3BE9BF01AE3A4FB62A594071B5C5BAC33BE9BF767144A2B52A5940432642F3FC3BE9BF0468B28CB22A59402D3A1D3D213CE9BFBB8867EFAE2A5940E2567FF39C3BE9BF813C5427AF2A5940B4696157EB3BE9BF7200622DB02A594061FE205CA23DE9BFD8C149FAA62A5940423F4C2FD63EE9BF236A94E2A42A5940C888431FF13EE9BF09310E1AA32A59408C0083094B3BE9BF4462BB92B62A59409F5F8EC7EB39E9BFC31FDC23B82A5940191C12C6C039E9BF,12,2,PASIR PANDAN AIR,,,
AZ,66,916000,864463.666666667,"Dominan merupakan pemukiman penduduk, jalan akses berupa jalan coran  dengan lebar 2,5 meter. Blok dalam zona ini  jl. lingkungan RT. 01 RW.01.",0106000000010000000103000000010000000F0000005CD54E63892A594046FF861F9940E9BF4A890E518E2A5940E31D217D3D40E9BF3E7CF956962A59408FB7C336513FE9BFB5CD2FBA9C2A5940B6B6F5041A45E9BFD4E02B79A02A59405F6CF03C4346E9BFCBA204209A2A59408EC2235DC849E9BF8AA15937972A5940346A532D134AE9BFE1A92B37972A5940734CE6AA0449E9BFAB8E79C7942A59403E57D8A42046E9BFD011A745912A59403F80E4DA6E43E9BF6E55C99C8F2A5940670FCC512342E9BFACE05E6E8B2A594072962AB84242E9BF05C70DF8892A5940BF5AF5AC3C42E9BFBC9843C1862A59409243F809D140E9BF5CD54E63892A594046FF861F9940E9BF,12,2,PASIR PANDAN AIR,,,
